[
    {
        "name": "Chicken Spinach Rice Bowl",
        "ingredients": "chicken, spinach, rice",
        "instructions": "Cook chicken, add spinach, mix with rice.",
        "nutritional_info": {"calories": 300, "protein": 20, "carbs": 30, "fat": 8},
        "prep_time": "30 minutes",
        "difficulty": "Easy",
        "serving_size": 2,
        "image_url": "https://www.shutterstock.com/image-vector/pieces-chicken-fillet-rice-bowl-600nw-2079321049.jpg"
    },
    {
        "name": "Spinach Rice Stir Fry",
        "ingredients": "spinach, rice",
        "instructions": "Stir fry spinach, add rice, and season.",
        "nutritional_info": {"calories": 250, "protein": 8, "carbs": 40, "fat": 5},
        "prep_time": "20 minutes",
        "difficulty": "Easy",
        "serving_size": 2,
        "image_url": "https://www.vegkitchen.com/wp-content/uploads/2014/10/Spinach-and-rice-stir-fry-1.jpg"
    },
    {
        "name": "Tomato Basil Pasta",
        "ingredients": "tomato, basil, pasta",
        "instructions": "Boil pasta, sauté tomatoes with basil, and mix together.",
        "nutritional_info": {"calories": 320, "protein": 12, "carbs": 50, "fat": 10},
        "prep_time": "25 minutes",
        "difficulty": "Medium",
        "serving_size": 3,
        "image_url": "https://www.acouplecooks.com/wp-content/uploads/2021/06/Tomato-Basil-Pasta-005.jpg"
    },
    {
        "name": "Grilled Cheese Sandwich",
        "ingredients": "bread, cheese, butter",
        "instructions": "Butter bread, add cheese, and grill until golden brown.",
        "nutritional_info": {"calories": 400, "protein": 10, "carbs": 45, "fat": 18},
        "prep_time": "10 minutes",
        "difficulty": "Easy",
        "serving_size": 1,
        "image_url": "https://www.seriouseats.com/thmb/n9T4N87TqJ4N0QQ52ngNUa7weks=/1500x0/filters:no_upscale():max_bytes(150000):strip_icc()/20201208-classic-grilled-cheese-vicky-wasik-seriouseats-v2-2b910ebddf9c47a2bc2234b776702cc5.jpg"
    },
    {
        "name": "Vegetable Soup",
        "ingredients": "carrot, celery, onion, potato",
        "instructions": "Boil vegetables in stock, season, and serve warm.",
        "nutritional_info": {"calories": 150, "protein": 5, "carbs": 20, "fat": 2},
        "prep_time": "40 minutes",
        "difficulty": "Easy",
        "serving_size": 4,
        "image_url": "https://www.acouplecooks.com/wp-content/uploads/2021/10/Vegetable-Soup-001.jpg"
    },
    {
        "name": "Chicken Salad",
        "ingredients": "chicken, lettuce, tomato, cucumber",
        "instructions": "Grill chicken, chop vegetables, and toss with dressing.",
        "nutritional_info": {"calories": 220, "protein": 25, "carbs": 10, "fat": 6},
        "prep_time": "15 minutes",
        "difficulty": "Easy",
        "serving_size": 2,
        "image_url": "https://www.thespruceeats.com/thmb/wjU3k1-1xoRBdp32UQfX6FbmL70=/1500x0/filters:no_upscale():max_bytes(150000):strip_icc()/classic-chicken-salad-3057168-hero-01-35df5db4a0e841f58564d5800c2c53b4.jpg"
    },
    {
        "name": "Beef Tacos",
        "ingredients": "beef, taco shells, lettuce, cheese",
        "instructions": "Cook beef, assemble tacos with toppings, and serve.",
        "nutritional_info": {"calories": 350, "protein": 18, "carbs": 35, "fat": 15},
        "prep_time": "20 minutes",
        "difficulty": "Medium",
        "serving_size": 3,
        "image_url": "https://www.simplyrecipes.com/thmb/U95V9H2LLDnb5RW4T3tHtIVWUzU=/1500x0/filters:no_upscale():max_bytes(150000):strip_icc()/Simply-Recipes-Beef-Tacos-LEAD-7-44f420fc5a82439c8a88cd4205e9b03f.jpg"
    },
    {
        "name": "Avocado Toast",
        "ingredients": "bread, avocado, olive oil",
        "instructions": "Toast bread, mash avocado, drizzle with olive oil, and serve.",
        "nutritional_info": {"calories": 240, "protein": 6, "carbs": 22, "fat": 14},
        "prep_time": "10 minutes",
        "difficulty": "Easy",
        "serving_size": 1,
        "image_url": "https://cookieandkate.com/images/2021/01/easy-avocado-toast-recipe.jpg"
    },
    {
        "name": "Berry Smoothie",
        "ingredients": "berries, yogurt, milk, honey",
        "instructions": "Blend berries, yogurt, milk, and honey until smooth.",
        "nutritional_info": {"calories": 180, "protein": 8, "carbs": 25, "fat": 3},
        "prep_time": "5 minutes",
        "difficulty": "Easy",
        "serving_size": 1,
        "image_url": "https://www.simplyrecipes.com/thmb/kFEnIPRJyOTC9gpVkztdB8IRey8=/1500x0/filters:no_upscale():max_bytes(150000):strip_icc()/Simply-Recipes-Mixed-Berry-Smoothie-LEAD-9-11d84a35abf4409a92f33cf8a0a543e1.jpg"
    },
    {
        "name": "Garlic Butter Shrimp",
        "ingredients": "shrimp, garlic, butter, parsley",
        "instructions": "Sauté shrimp in garlic butter, sprinkle with parsley, and serve.",
        "nutritional_info": {"calories": 250, "protein": 30, "carbs": 5, "fat": 12},
        "prep_time": "15 minutes",
        "difficulty": "Medium",
        "serving_size": 2,
        "image_url": "https://therecipecritic.com/wp-content/uploads/2019/04/garlicbuttershrimpscalefinal.jpg"
    },
    {
        "name": "Chocolate Chip Cookies",
        "ingredients": "flour, sugar, butter, chocolate chips",
        "instructions": "Mix ingredients, shape into cookies, and bake at 350°F until golden.",
        "nutritional_info": {"calories": 200, "protein": 2, "carbs": 30, "fat": 10},
        "prep_time": "25 minutes",
        "difficulty": "Medium",
        "serving_size": 12,
        "image_url": "https://www.onceuponachef.com/images/2022/03/Best-Chocolate-Chip-Cookies.jpg"
    },
    {
        "name": "Margarita Pizza",
        "ingredients": "pizza dough, tomato sauce, mozzarella, basil",
        "instructions": "Spread sauce on dough, add cheese and basil, and bake at 400°F.",
        "nutritional_info": {"calories": 300, "protein": 12, "carbs": 35, "fat": 10},
        "prep_time": "30 minutes",
        "difficulty": "Medium",
        "serving_size": 4,
        "image_url": "https://www.simplyrecipes.com/thmb/X_9OXq9GeM8qTxBtITxNCEG-q0o=/1500x0/filters:no_upscale():max_bytes(150000):strip_icc()/Simply-Recipes-Margherita-Pizza-LEAD-6-a5a622b3dfb14b1e9a457d35c14f0d1d.jpg"
    },
    {
        "name": "Scrambled Eggs",
        "ingredients": "eggs, milk, butter",
        "instructions": "Whisk eggs and milk, cook in butter until set.",
        "nutritional_info": {"calories": 150, "protein": 12, "carbs": 1, "fat": 10},
        "prep_time": "5 minutes",
        "difficulty": "Easy",
        "serving_size": 1,
        "image_url": "https://www.simplyrecipes.com/thmb/eTlhvbNOca8t2y3flTmDjLfI0XE=/1500x0/filters:no_upscale():max_bytes(150000):strip_icc()/Simply-Recipes-Scrambled-Eggs-LEAD-2-1d40517c71a74e149870739127d2c9b3.jpg"
    },
    {
        "name": "Pancakes",
        "ingredients": "flour, milk, eggs, syrup",
        "instructions": "Mix ingredients, cook on griddle, and serve with syrup.",
        "nutritional_info": {"calories": 200, "protein": 6, "carbs": 30, "fat": 5},
        "prep_time": "20 minutes",
        "difficulty": "Easy",
        "serving_size": 4,
        "image_url": "https://www.simplyrecipes.com/thmb/K_fVzLTVUTo3dHxw9wJJ6MsPmok=/1500x0/filters:no_upscale():max_bytes(150000):strip_icc()/Simply-Recipes-Buttermilk-Pancakes-LEAD-10-80a41d6ae63e40f3a981c5ad3039a625.jpg"
    },
    {
        "name": "Grilled Chicken Breast",
        "ingredients": "chicken breast, olive oil, spices",
        "instructions": "Marinate chicken, grill until fully cooked, and serve.",
        "nutritional_info": {"calories": 220, "protein": 35, "carbs": 0, "fat": 8},
        "prep_time": "25 minutes",
        "difficulty": "Medium",
        "serving_size": 1,
        "image_url": "https://www.simplyrecipes.com/thmb/8AtA_v3K2T6pZoNAD1n4hbfL0K0=/1500x0/filters:no_upscale():max_bytes(150000):strip_icc()/Simply-Recipes-Grilled-Chicken-Breast-LEAD-9-64d16688a6cb44c6b9b662a519a5f2a7.jpg"
    }
]
